text;label
Подготовка необходимых справок и докладов по документации организации ;1
Участие в описи документов;0
Ведение подготовительной работы с документами, необходимыми для руководства ;1
Заполнение реестра пациентов в программе 1С Медицина. Формирование реестра для сдачи в ТФОМС. Формирование счетов с СМО. ;1
Прием товара, отправка готовой продукции, контроль сроков хранения, санитарной контроль. Знание компьютера (заполнение документов). Знание программы Меркурий. Знание складского учета;0
Приёмка товара по ассортименту и количеству, погрузка товара в фургон. Развоз товара по ПВЗ (10-15 точек в день). Материальная ответственность за сохранность товара. Ответственность за техническое состояние автомобиля.;0
Работа в электронной системе документооборота;1
Контроль за правильностью оформления документов;1
Обработка документов в автоматизированной системе документооборота: регистрация входящей, исходящей, внутренней корреспонденции;1
Контроль исполнительской дисциплины сотрудников; 0
Прием входящих звонков; 0
Выполнение отдельных служебных поручения начальника Отдела документационного обеспечения; 0
Выполнение должностных обязанностей отсутствующего работника на период больничного/отпуска; 0
встреча гостей;0
консультация и продажа по имеющимся услугам и программам;1
регистрация в нашей бонусной системе;1
контроль за обеспечением чистоты и порядка в салоне и на прилегающей территории;0
создание комфортных условий при посещении салона для гостей;0
контроль за соблюдением и выполнением должностных инструкций сотрудниками;1
отчетность;1
Перевозка сотрудников с объекта на объект;0
выполнение поручений руководителя;0
поддержание и контроль технического состояния и внешнего вида автомобиля;0
работа с путевыми листами;0
Вести журнал посещения;1
Пополнение отдела товаром, выкладка товара на стеллажи;0
Обеспечение правильного складирования товара в отделе;0
Перемещение товара со склада в торговый зал;0
ведение документооборота учреждения, архива;1
учет, регистрация и распределение входящей и исходящей документации,;1
прием и выдача документов курьерским службам,;1
подготовка документов к архивному хранению,;1
ведение электронной базы документов,;0
доставка корреспонденции в отделение связи, суды, налоговые органы, судебным приставам.;0
Компьютерное управление автоматической сварочной установкой;0
"контроль и мероприятия на водоемах по укреплению правопорядка; оказание помощи, терпящим бедствие на воде; несение дежурства на спасательном посту; контроль готовности спасательных средств.";0
 Выполнять устройство малых архитектурных форм. ;0
"открытие/закрытие лицевых счетов;0
"формирование отчетности по незаселенному жилому фонду;1
"подготовка запросов в администрации муниципальных образований;0
подготовка ответов на запросы юридических лиц.;0
Встреча гостей;0
Консультирование гостей по услугам;1
Помощь администратору;0
Поддержание чистоты и уютной обстановки;0
Соблюдение внутренних правил компании;0
Административная поддержка офиса и руководителя .;0
Ведение документооборота.;1
Организация приема посетителей и телефонных звонков.;0
Жизнеобеспечение офиса, закупка канцтоваров, расходных материалов и иных ТМЦ.;0
Осуществление приема и контроля документов, подтверждающих отгрузку нефтепродуктов.;0
Подготовка, группировка, сшивка первичных документов.;1
Контроль возврата подписанных 2-х экземпляров от контрагентов.;0
Участие при подготовке документов по запросам руководства и прочих служб в рамках налоговых и прочих проверок.;1
Выполнение курьерских обязанностей по распоряжению руководителей.;0
Архивация документов.;1
"осуществление функции водителя генерального директора на личном автомобиле;";0
"поддержание транспортного средства в чистоте и исправном техническом состоянии;";0
своевременная подача автомобиля и составление оптимальных маршрутов.;0
"Выдавать заказы и консультировать клиентов;";0
"Работать с кассой и сопутствующими документами (открывать/закрывать смены);";0
Поддерживать рабочее место в чистоте.;0
Выдача справок сотрудникам по требованию.;1
Консультирование работников.;1
Разработка front-end слоя для внутренних сервисов компании;0
Продумывание UI/UX составляющей приложения;0
"Прием посетителей;";0
"Прием телефонных звонков;";1
"Ведение делопроизводства (регистрация входящей и исходящей корреспонденции, копирование документов, отправка почтой РФ);";1
"Прием первичных кадровых документов соискателей, копирование и др.;";1
Протоколирование.;1
 оприходование запасных частей и услуг, ;0
 сверка расчетов с контрагентами, ;0
 списание ТМЦ, ;0
 авансовые отчёты, ;0
 сверка расчетов с контрагентами ;0
 Осуществление и строгий контроль за соблюдением сроков подготовки приказов по вопросам стипендиального обеспечения. ;0
 Организация и проведение плановых мероприятий по работе с обучающимися в сфере стипендиального и социального обеспечения. ;0
 Подготовка статистических отчетов, справок и материалов информационно-аналитического характера. ;1
 Подготовка ответов на запросы юридических и физических лиц в рамках своей деятельности. ;0
 Оформление документов по закупкам по профилю деятельности. ;1
 Сопровождение учебного процесса в соотвествии с норативными актами (сопровождение оценки текущей успеваемости и промежуточной аттестации, учет индивидуальных результатов учебных достижений обучающихся, контроль за реализацией учебного процесса, организация перезачета индивидуальных результатов обучения). ;0
Продажа цветочной и сувенирной продукции, оформление букетов, составление композиций.;0
Администрирование личных кабинетов на маркетплейсах.;1
Взаимодействие с менеджерами компании по товару, логистике.;0
Мониторинг изменений правил на маркетплейсах.;1
Анализ рынка товаров и продаж, цен относительно конкурентов.;1
Анализ отзывов о товарах и их влияние на продажи.;1
Продвигать и развивать социальные сети (2 аккаунта Инстаграм), ВК, telegram;0
"Постоянный поиск новых вариантов для продвижения;";0
"Создание контент-плана и ежедневное наполнение соц. сетей;";0
"Настройка таргетной рекламы;";0
"Производство и адаптация продающего контента;";0
"Прием ценных грузов со склада, сопровождение груза до места назначения;";0
"Обеспечение необходимого режима хранения и сохранности грузов при транспортировке;";0
"Оформление приемо - сдаточной документации. При необходимости участие в составлении актов на недостачу, порчу грузов, и других документов;";1
Соблюдение правил Внутреннего трудового распорядка и норм охраны труда, техники безопасности и противопожарной защиты.;0
" Планирование рабочего дня руководителя, назначение встреч, приготовление чая / кофе; ";0
" Выполнение личных поручений вашего менеджера; ";0
" Документационное сопровождение работы вашего менеджера, подготовка документов к подписанию; ";1
" Уборка офиса и мест общего пользования; ";0
" Прием входящих звонков, передача сообщений по мере необходимости; ";1
" Подготовка исходящей почты (в том числе больших пакетов для отправки); ";1
" Сортировка и доставление входящей почты соответствующим лицам; ";1
" Управление файловой системой; ";1
" Запись информации по мере необходимости; ";1
" Приветствие арендаторов, клиентов и посетителей, приготовление чая / кофе; ";0
" Обновление документов, ведение документов и обработка текстов; ";1
" Поддержание товарно-материальных запасов офиса; ";0
" Обслуживание оргтехники по мере необходимости; ";0
 Создание, поддержка и ввод информации в базы данных. ;0
Выдача заказов;0
Прием и раскладка товара на складе;0
Прием и оформление возвратов;0
Проверка товара на брак;0
Уборка и поддержание чистоты в пункте выдачи;0
Инвентаризация раз в месяц;0
Обеспечение высокого уровня сервиса клиентам клуба;0
Полное руководство подразделением рецепции клуба;0
Исходящие звонки по теплой базе клиентов клуба;0
Назначение стартовых и персональных тренировок;0
Консультирование клиентов по возможности получения услуг клуба;1
Работа с жалобами клиентов;0
Работа в CRM, отчетность;1
Соблюдение бизнес-процессов, технологий продаж и стандартов сервиса;0
" встреча пациентов клиники; ";0
" оформление первичной медицинской документации; ";1
" работа в тандеме с врачами клиники; ";0
" решение конфликтных ситуаций; ";0
" знание кассовой дисциплины; ";0
" Знание налогового и трудового законодательства, а также законодательно-нормативных актов, касающихся расчета заработной платы; ";0
" Уверенный пользователь 1С; ";0
" Умение работать с большим объемом информации; ";0
" Способность работать с различными программами; ";0
" Расчет заработной платы в полном объеме (отпускные, больничные листы, пособия по уходу за ребенком, работа с исполнительными листами и т.д.); ";1
" Подготовка документов на перечисление заработной платы (платежные ведомости); ";1
" Начисление налогов и взносов на ФОТ; ";1
" Формирование отчетности в социальные фонды, ИФНС, Росстат; ";1
выполнение ремонта автомобилей;0
содержание в чистоте рабочего места и помещения;0
техническое обслуживание автотранспорта и спецтехники разборка ремонт сборка регулировка и испытание агрегатов узлов и приборов ;0
определять и устранять неисправности в работе узлов механизмов приборов;0
проводить ремонт кпп ркп бортовых редукторов выполнять регулировочные работы;0
диагностика неисправностей автомобилей прибывших на то и тр;0
установка дополнительного оборудования на тс;0
диагностика электрооборудования грузовых атомобилей;1
выполнение работ по ремонту и обслуживанию грузовых автомобилей и спецтехники;0
выпуск спецтехники на линию на нефтегазовом месторождении;0
контроль и выполнение ремонта спецтехники;0
диагностика и ремонт тс;1
выполнение работ по ремонту оборудования;0
то мелкосрочка замена техжидкостей фильтров на легковых авто мультибренд;0
осмотр автомобиля и определение поломки;0
плановое техническое обслуживание автомобилей ;0
ремонт всех видов легковых автомобилей;0
ремонт грузовых автомобилей ;0
ремонт и сборка дизельных специальных грузовых автомобилей;0
разборка ремонт сборка сложных агрегатов узлов и приборов и замена их при техническом обслуживании;0
обкатка автомобилей и автобусов всех типов на стенде;0
выявление и устранение дефектов неисправностей в процессе регулировки и испытания агрегатов узлов и приборов и тд;0
скользящий режим работы с до часов;0
официальное трудоустройство выдача спецодежды;0
работа в теплом помещении;0
персональная скидка на ремонт личного автомобиля;0
работа в активно развивающейся компании;0
подготовка окраска автодеталей соблюдение технологий знание материалов;0
порядок на рабочем месте самодисциплина;0
разборочно сборочные работы;0
жестяные работы ;0
подготовка к окраске;0
ремонт кабин грузовых автомобилей;0
ремонт и обслуживание автомобилей ;0
проведение работ по ремонту и обслуживанию;0
проведение восстановительных работ в аварийных случаях;0
монтирует новые и восстановленные шины полученные со склада автотранспортного предприятия накачивает их воздухом до установленной нормы давления производит демонтаж и монтаж эксплуатирующихся шиннакачивает их воздухом до установленной нормы давления проверяет исправность ободьев дисков бортовых и замочных колец исправляет мелкие повреждения подбирает шины на сдвоенные колеса с учетом размера модели конструкции высоты рисунка протектора производит замену неисправных золотников вентилей камер при необходимости прогоняет резьбу вентилей метчиком производит статическую или динамическую балансировку колес в сборе ;0
работа на строительстве автомобильных дорог;0
техническое обслуживание;0
диагностика;0
текущий и капитальный ремонт автомобилей;0
текущий ремонт и обслуживание легковых автомобилей;0
поддержание чистоты на рабочем месте;0
ремонт дорожностроительной техники;0
выявление причин и устранение неисправностей;0
выполнение работ по ремонту грузовых автомобилей;0
проведение осмотра и диагностики состояния автотранспорта предприятия;0
техническое обслуживание и ремонт автомобилей;0
замена расходников подвески;0
замена колодок;0
замена подшипников ступицы;0
" Работа с табелями учета рабочего времени; ";1
 Оформление различных справок сотрудникам. ;1
Консультирование посетителей по услугам центра, выполнение стандартов работы по обслуживанию посетителей.;0
"Маршрутизация пациентов;";1
"Работа с медицинскими картами;";1
"Составление и ведение списка пациентов;";1
"Контроль порядка и чистоты в зале ожидания;";0
Ведение отчетности...;1
Управление областью хозяйственного обеспечения деятельности предприятия.;0
Обеспечение хранения соответствующих хозяйственных ценностей.;0
Мониторинг ситуации на рынке с хозяйственными товарами, стройматериалами, закупаемыми для нужд предприятия.;1
Представление предприятия во взаимодействии с контрагентами в сфере закупок соответствующих товаров и их последующего обслуживания.;0
Мониторинг достаточности количества хозяйственных товаров и строительных материалов, а также проведение их своевременных закупок.;1
Взаимодействие с другими подразделениями предприятия по вопросам их заявок на закупку соответствующих хозяйственных товаров и строительных материалов.;1
Руководство работой персонала, занятого в сфере хозяйственного обеспечения предприятия.;0
Знание марок и особенностей востребованного предприятием хозяйственного инвентаря и строительных материалов.;0
Отслеживание корректности бухгалтерской документации в сфере хозяйственного обслуживания предприятия.;1
Соблюдение принципов документооборота в своей сфере ответственности.;1
Участие в мероприятиях по инвентаризации в своей зоне ответственности.;0
Наблюдение за соблюдением правил пожарной и технической безопасности в своей сфере ответственности.;0
Выполнение правомочных указаний руководства предприятия в пределах своей ответственности.;0
официальное трудоустройство;0
Контроль за правильностью оформления хозяйственных операций с учетом взаимодействия юридических лиц внутри группы компаний;1
Контроль за соблюдением порядка документооборота;1
Методическая помощь сотрудникам бухгалтерии и иных подразделений компании в документальном оформлении операций в соответствии с заключенными хозяйственными договорами;1
Участие в проведении аудиторских и инвентаризационных мероприятий;0
Участие в проведении расчетов с контрагентами, проверка актов сверки;0
Тесное взаимодействие с производственно-техническим отделом (ПТО) по распределению расходов по объектам строительства;0
Ведение сводного платежного календаря по трем юридическим лицам (в части регулярных, обязательных платежей);0
Совместное с непосредственным руководителем ведение БДДС, БДР;0
Участие вместе с главными бухгалтерами предприятий в подготовке документов для лизинговых компаний, банков для ежеквартального финансового мониторинга, при заключении сделок;1
Активное участие в реализации проектов по автоматизации процессов учета, совместном с непосредственным руководителем составлении регламентов, инструкций;0
Участие в адаптации данных бухгалтерского учета для системы управленческого учета под требования бизнеса;0
Обеспечение руководителей предприятия, финансового директора, руководителей подразделений информационно-аналитической поддержкой для принятия решений;0
Выполнение отдельных служебных поручений финансового директора, руководителей предприятия;0
Обучения и развитие(возможен карьерный рост);0
Ведение бухгалтерского, налогового и кадрового учёта;0
Организация документооборота;1
Составление и сдача отчетности;0
Анализ финансовых показателей;1
Формирование платёжных поручений;1
Формирование актов сверки с контрагентами;0
Представление интересов в контролирующих органах;0
Проверка учета на наличие ошибок;1
Оценка налоговых рисков с последующими рекомендациями по их снижению;1
Отчёты и сводная информация руководителю;1
Работа с информационно-правовыми базами;1
"Оконченное высшее образование;";0
"Знание бухгалтерского учета и правил ведения первичной документации, навыки работы с 1С Бухгалтерия 8.2-8.3, Системы Диадок, Сбис;";0
Опыт работы от 1 года.;0
Проводим бесплатные обучения флористике С ДАЛЬНЕЙШИМ ТРУДОУСТРОЙСТВОМ В НАШУ СЕТЬ ЦВЕТОЧНЫХ САЛОНОВ!!!;0
"Аудит учетных и сбытовых программных комплексов, внесение предложений по оптимизации с целью внесения/автоматической выгрузки информации в ГИС ЖКХ;";0
"Подготовка, согласование технических решений, участие во внедрении доработок учетных и сбытовых программных комплексов Общества с целью внесения/автоматической выгрузки информации в ГИС ЖКХ;";0
"Проверка полноты и корректности информации, размещенной в учетных и сбытовых программных комплексах Общества, необходимой для внесения сведений в ГИС ЖКХ;";1
"Внесение информации в ГИС ЖКХ в объемах, закрепленных за отделом продаж управления сбыта локальными нормативными актами Общества, документами СМК, в сроки, установленные действующим законодательством РФ;";0
"Проверка и контроль полноты, достоверности, своевременности автоматической выгрузки в ГИС ЖКХ информации в объемах, закрепленных за отделом продаж управления сбыта локальными нормативными актами Общества, документами СМК, в сроки, установленные действующим законодательством РФ;";0
"Аудит законодательства по вопросам, связанным с ГИС ЖКХ, внесение предложений о внесении изменений, разработке новых локальных нормативных актов Общества, документов СМК в целях соблюдения требований законодательства по ГИС ЖКХ;";0
"Участие в разработке и согласовании локальных нормативных актов Общества, документов СМК в целях соблюдения требований законодательства по ГИС ЖКХ;";0
"Взаимодействие, ведение переписки с управляющими, обслуживающими организациями, органами местного самоуправления, иными органами власти в целях получения необходимой для размещения в ГИС ЖКХ информации в объеме, определенном действующим законодательством РФ, в пределах ответственности отдела продаж управления сбыта;";0
"Обеспечивает ведение отчетности в рамках своего функционала, предоставление отчетов и информации по запросам руководителей Общества;";1
Взаимодействует с технической поддержкой ГИС ЖКХ, при необходимости направлет и контролирует получение ответов на запросы в части работоспособности ГИС ЖКХ;0
"в 2022 году практически каждый второй житель города воспользовался прямыми авиарейсами из Тобольска;";0
"рейсы из Тобольска осуществляют авиакомпании S7 Airlines, Россия, UVT Aero по 7 направлениям: Москва, Санкт-Петербург, Новосибирск, Казань, Красноярск, Сургут, Нижнекамск;";0
в аэропорту работает более 200 сотрудников.;0
"Участие в подготовке технико-коммерческого предложения (проверка актуальности цен в калькуляции;";0
"запросы ТКП у поставщиков арматуры и прочего оборудования;";0
"Выполнение расчетов стоимости разработки КД;";0
"Участие в подготовке отчетности по оценке и анализу продукции, выпускаемой с участием ИЦ;";1
"Приём наличных денежных средств;";0
"Сдача инкассации;";0
"Выдача доверенностей;";0
"Разноска банковской выписки;";0
"Ведение на основе ПКО и РКО кассовой книги;";0
"Составление кассовой отчётности;";1
Выполнение отдельных служебных поручений;0
"обеспечение выпуска на маршруты технически исправного автотранспорта;";0
организация и контроль технического обслуживания и ремонта автотранспорта;0
"взаимодействие с ГИБДД, страховыми компаниями;";0
"формирование заявок на закупку и списание запчастей, ГСМ;";0
выполнение малярных работ;0
очистка с помощью пескоструйного аппарата поверхности строительных конструкций емкостей резервуаров и оборудования;0
своевременное и качественное выполнение производственных заданий;0
содержание оборудования для пескоструйной обработки в исправном состоянии;0
соблюдать трудовую дисциплину;0
соблюдать меры по безопасности труда поддерживания порядка выполнение правил пожарной безопасности на рабочем месте;0
подготовка к окраске с применением шлифинструмента;0
нанесение эмали на грунтованную поверхность;0
безвоздушная покраска краскопультом;0
качественное выполнение поставленных задач;0
поддержание чистоты на рабочем месте;0
своевременное выполнение;0
производить покраску деталей автомобиля;0
абразивная полировка;0
соблюдение технологического процесса;0
подготовка продукции к покраске;0
покраска мк комплектующих входных групп;0
производить подготовку деталей автомобиля к покраске;0
абразивная полировка;0
соблюдение технологического процесса;0
периодический осмотр технического состояния обслуживаемых зданий сооружений;0
текущий ремонт с выполнением врех видов ремонтностроительных работ ;0
сезонная подготовка обслуживаемых зданий сооружений оборудования и механизмов;0
устранение повреждений и неисправностей по заявкам;0
работа на участке акз;0
пескоструйная очистка и окраска металлоконструкций;0
работа с пескоструйным оборудованием и покрасочным аппаратом;0
окраска изделий из металла;0
окрашивание деталей и поверхностей металлоконструкций электростатическими краскораспылителями;0
нанесение надписей по трафаретам;0
нанесение цифр и букв без трафаретов;0
обработка поверхностей замедлителями коррозии;0
регулирование подачи воздуха и краски в распылители;0
очистка замкнутых объемов ;0
защита грунтовками листового материала и профильного проката для металлоконструкций;0
изготовление несложных трафаретов;0
составление смесей из нитрокрасок и синтетических эмалей;0
наладка механизмов и приспособлений применяемых в производстве малярных работ;0
пескоструйная очистка обезжиривание обеспыливание поверхности металлоконструкций;0
обработка мк модификатором ржавчины;0
огрунтовка и покраска мк;0
разборка зачистка шпаклевка грунтовка окраска стен окраска поверхности потолка окраска деревянных конструкций ограждения подшивки лестничных маршей и площадок;0
снятие наклейка обоев с последующей их покраской ;0
демонтаж монтаж потолочных листов гквл с зачисткой шпаклевкой грунтовкой и окраской;0
подготовка с дальнейшей окраской межкомнатных дверей;0
пескоструйная очистка обезжиривание обеспыливание поверхности металлоконструкций;0
обработка мк модификатором ржавчины;0
огрунтовка и покраска мк;0
разборка зачистка шпаклевка грунтовка окраска стен окраска поверхности потолка окраска деревянных конструкций ограждения подшивки лестничных маршей и площадок;0
снятие наклейка обоев с последующей их покраской ;0
демонтаж монтаж потолочных листов гквл с зачисткой шпаклевкой грунтовкой и окраской;0
подготовка с дальнейшей окраской межкомнатных дверей;0
покраска мк и труб;0
нанесение антикоррозийной защиты ;0
работа на высоте до м;0
работа в помещении и на открытой площадке;0
гибка деталей из листового металла;0
выполнение лакокрасочных работ методом воздушного распыления;0
составление смеси из красок;0
выполнение грунтования антикоррозийного покрытия грунтовками и красками изделий;0
нанесение знаков и надписей по трафаретам;0
нанесение антисептических пропиток на заготовки из дерева;0
регулировка подачи воздуха и краски в распылители;0
подбор колера по заданным образцам;0
окрашивание поверхностей в труднодоступных местах вручную;0
пескоструйная очистка обезжиривание обеспыливание поверхности металлоконструкций;0
обработка мк модификатором ржавчины;0
огрунтовка и покраска мк;0
разборка зачистка шпаклевка грунтовка окраска стен окраска поверхности потолка окраска деревянных конструкций ограждения подшивки лестничных маршей и площадок;0
снятие наклейка обоев с последующей их покраской ;0
демонтаж монтаж потолочных листов гквл с зачисткой шпаклевкой грунтовкой и окраской;0
подготовка с дальнейшей окраской межкомнатных дверей;0
покраска изделий из металла;0
выполнение лакокрасочных работ методом воздушного распыления;0
составление смеси из красок;0
выполнение грунтования антикоррозийного покрытия грунтовками и красками изделий;0
нанесение знаков и надписей по трафаретам;0
нанесение антисептических пропиток на заготовки из дерева;0
регулировка подачи воздуха и краски в распылители;0
подбор колера по заданным образцам;0
окрашивание поверхностей в труднодоступных местах вручную;0
высококачественное окрашивание поверхностей сухими порошками различными красками и лаками в несколько тонов и отделка поверхностей с шлифованием лакированием и полированием;0
торцевание и флайцевание окрашенных поверхностей;0
окрашивание после грунтования поверхностей методом холодного безвоздушного распыления;0
определение качества применяемых лакокрасочных материалов;0
наладка механизмов применяемых в производстве малярных работ;0
финансовое планирование формирование бдпс годовых и месячных на основе данных pl внутренних сводных заявок оборотных ведомостей;0
формирование оборотного капитала лимитов дебиторской и кредиторской задолженности составление прогноза оборачиваемости задолженности анализ и контроль фактического выполнения показателей;0
анализ закупочной документации договоров на предмет наличия кредитного риска осуществления документарных операций соблюдения требований лнд ведение аналитической информации и контроль своевременного исполнения обязательств по данным сделкам;0
полный цикл сопровождения документарных операций ;1
разработка лнд в области финансов ;0
бухгалтерия с;0
работа с банком;0
первичная документация;1
движение денежных средств осужденных;1
развитие продаж платежных сервисов;0
организация работы по привлечению и обслуживанию клиентов;0
осуществление стажировки подбора адаптации введение в должность и вывод на выполнение поставленных целей и задач новых сотрудников;0
осуществление руководства и контроля за работой сотрудников в рамках определенной территории;0
постановка задач мотивация обучение промежуточный и финальный контроль с целью выполнения целей сотрудниками в рамках определенной территории;0
выполнение личного плана продаж;0
казначейство ;0
составление бддс ;0
составление платежных календарей;1
анализ финансовохозяйственной деятельности;1
расчет финансовых показателей;1
работа с лизинговыми компаниями;0
финансирование инвестиционных проектов;0
"Разъездная работа (90% времени в «полях) на удобном маршруте;";0
"Прием, регистрация, размещение и выписка гостей;";1
"Прием и оформление необходимых документов;";1
"Прием и обработка заявок на предварительное бронирование номеров по телефону, почте и т.д.;";1
"Обеспечение работы по эффективному и культурному обслуживанию гостей, созданию для них комфортных условий;";0
"Соблюдение стандартов работы в гостиничной сфере;";0
"Информирование проживающих в гостинице о предоставляемых дополнительных услугах, прием заказов на их выполнение и контролирование их исполнения;";1
Оперативное и корректное реагирование на информацию от гостя;0
Ведение кадрового делопроизводства в полном объёме (прием, увольнение, перевод);0
Своевременная отчетность;1
"обеспечение выпуска на маршруты технически исправного автотранспорта;";0
организация и контроль технического обслуживания и ремонта автотранспорта;0
"взаимодействие с ГИБДД, страховыми компаниями;";0
"формирование заявок на закупку и списание запчастей, ГСМ;";0
"анализ затрат на автотранспорт;";0
контроль соблюдения стандартов работы компании;0
"Обслуживание IT инфраструктуры предприятия (серверы, компьютеры, оргтехника, сетевое оборудование, программы рабочие);";0
"Базовая диагностика сетевых проблем;";0
выкладка товара;0
оценивает товарный запас конкретных позиций, проводит мониторинг и пополнение остатков;0
общение с поставщиками дистанционно;0
"Ежедневный осмотр технического состояния автомобиля;";0
"Доставка бригады на объект;";0
Выполнение поставленных задач по уборке территории.;0
"Разработка desktop-приложений / web-приложений;";0
"Оптимизация/доработка/сопровождение существующего ПО;";0
"Осуществление библиотечного обслуживания пользователей;";0
"Организация культурно-массовых мероприятий;";0
"Организация выставок, раскрывающих библиотечный фонд и другие информационные ресурсы, в традиционном и цифровом формате;";0
"Наполнение и актуализация информации в социальных сетях структурного подразделения (библиотеки);";0
"Своевременное и достоверное заполнение обязательной отчетности;";1
"Участие в районных, областных, Всероссийских мероприятиях;";0
"Участие в проектной деятельности;";0
Повышение профессионального уровня.;0
Приём заявок на поставку продукции от клиентов и торговых представителей Общества.;1
Своевременная выписка накладных и счетов-фактур, а также соответствующих сопроводительных документов.;1
Строгая проверка правильности и соответствия оформления сопроводительных документов согласно законодательству РФ и внутренним правилам предприятия.;1
Систематизация, архивация и хранение отгруженных, верно оформленных и исправленных накладных и счетов-фактур согласно установленному порядку в Обществе.;1
Осуществляет надзор за содержанием здания аэровокзала, его общественных и служебных помещений, контролирует работу клининговых компаний по обслуживанию и уборке аэровокзального комплекса, привокзальной площади, обеспечивает контроль за сохранностью материально-технических ценностей;0
выполнение плана продаж (лучшая похвала для супервайзера - выполненный план продаж);0
анализ рынка (анализируем, планируем и получаем результат);1
организация, руководство и контроль работы команды продаж (продажи супервайзера на 80% делает команда);0
"развитие продаж на подотчетной территории (развитие территории - залог выполнения планов и роста продаж);";0
контроль остатков (эффективный контроль остатков - залог успешных продаж);0
"контроль финансовой дисциплины (любой товар или услуга должны быть оплачены);";0
планирование и отчетность (планируем и подводим итоги);1
соблюдение санитарно-эпидемиологического режима;0
помощь врачу при проведении различных видов манипуляций (травматолог-ортопед, нейрохирург, невролог);0
подготовка кабинетов к работе;0
"ведение медицинской документации и отчетности;";1
работа в военном комиссариате;0
доставка хлебобулочных и кондитерских изделий потребителю;0
Руководство производственно-хозяйственной деятельностью цеха. Своевременное обеспечение запчастями и материалами.;0
Производственное планирование и расстановка задач.;0
Эффективная загрузка цеха.;0
Ведение документооборота и деловой переписки в 1с Альфа Авто.;0
Иметь представление о металлообработке, технологиях восстановления узлов и агрегатов, допусках и посадках (не про рассаду)).;0
Работа с рекламациями, предупреждение брака, повышение эффективности труда.;0
"Ответственное отношение к работе;";0
Исполнительность.;0
"Оперативное управление деятельностью предприятия;";0
"Обеспечение функционирования животноводства на ферме в рамках не ниже, чем предусмотрено экономическими (физическими и стоимостными), технологическими параметрами, заложенных в бюджет доходов и расходов предприятия;";0
"Управление молочной фермой, сыроварней (2 000 голов КРС);";0
"Закупка сельскохозяйственной техники, контроль эксплуатации;";0
" Проведение мероприятий по повышению эффективности деятельности животноводства (при необходимости существенных изменения в бюджете - по предварительному согласованию с генеральным директором); ";0
" Планирование и отчетность по критериям и показателям работы животноводства и растениеводства; ";1
" Взаимодействие с органами государственной власти и местного самоуправления, надзорными и правоохранительными органами; ";0
 Управление персоналом предприятия. ;0
принимать звонки, вести заявки, отвечать на письма и вести переписку в мессенджерах;1
заносить информацию о гостях в программу;1
оформлять заезд и выезд гостей, производить расчет с гостями;1
контроль состояния объектов перед заселением и после выселения гостей;0
консультация гостей по возникающим вопросам;1
координация всех служб комплекса;1
организация культурно-массовых мероприятий;0
закупка бытовой химии и пр.;0
"Ведение документооборота организации, регистрация, отправка и получение корреспонденции, работа с курьерскими службами;";1
"Сопровождение командировок руководящего состава (покупка билетов, размещение в гостинице, трансфер);";0
Административно-хозяйственные функции офиса: заказ канцтоваров, расходных материалов, контроль работы оргтехники, встреча гостей.;0
Контроль работы уборщиц, водителей (работать с заявками на перевозку и доставку до места назначения работников, документов и грузов;1
"Организация представительских мероприятий (подготовка и проведение встреч, совещаний, ведение протоколов);";0
"Организация корпоративных мероприятий;";0
"Выбирать сувенирную и подарочную продукцию в соответствии с категорией мероприятия и особенностями получателей;";0
"Поддерживать положительный имидж компании у посетителей, партнеров и клиентов;";0
Предупреждать и разрешать конфликтные ситуации, применять медиативные технологии;0
"Копирование, сканирование документов по запросу сотрудников;";1
Оценивать техническое состояние мебели, офисного и бытового оборудования.;0
"водительское удостоверение (категория В);";0
Выдача посылок, прием посылок, оформление и отправка возвратов;0
Вежливая работа с покупателями;0
Оформление по ТК РФ;0
Корпоративное обучение;0
" ведение документооборота компании; ";1
" деловая переписка; ";0
" подготовка отчётов по своему направлению работы; ";1
" приём, регистрация, распределение входящей корреспонденции; ";1
" выполнение личных поручений руководства; ";0
" встреча гостей, клиентов, деловых партнёров; ";0
" приём входящих звонков и совершение исходящих звонков поставщикам, запрос коммерческих предложений; ";1
" составление договоров; ";1
 ведение контрактов. ;0
Управление транспортным средством 4х4 ( Митсубиши Л200, Нива, УАЗ Патриот);0
Доставка сотрудников, оборудования фирмы по производственным объектам;0
Контроль технического состояния автомобиля, мелкий ремонт;0
Заполнение путевых листов, прохождение предрейсового мед осмотра;1
Имеете отличные коммуникативные навыки;0
Любите животных.;0
Обладаете практическим опытом работы в продажах;0
Умеете работать с кассой;0
Легко и быстро усваиваете новую информацию;0
Доброжелательны, внимательны и дисциплинированы;0
Стрессоустойчивы, умете быстро принимать решения;0
Хотите работать в команде и выступать от лица всей клиники.;0
Встреча гостя;0
Размещение гостя;0
Бронирование столов;1
Работать с каталогами компаний;  ";1
Добавлять фото и видео, тексты, работать с отзывами; ";1
Анализировать карточки конкурентов, анализировать в каких еще каталогах размещены конкуренты. ;1
Осуществлять своевременную регистрацию входящих и исходящих документов в системе электронного документооборота, действующей на предприятии.;1
Организовать работу по регистрации, учету, хранению и передаче в соответствующие структурные подразделения документов текущего делопроизводства.;1
Обеспечить сохранность полученных документов и информации.;1
По поручению руководителя составлять проекты писем, справки, отчеты и другие документы;1
Осуществлять контроль за своевременным исполнением поручений руководителя.;0
"Python на бэкенде, взаимодействие через GraphQL и REST API;";0
"SPA на Vue.js + Typescript на фронте и Quasar как библиотека компонентов;";0
"Организацию работы команды: постановка задач и контроль их выполнения, контроль эффективности сотрудников, а также развитие их компетенций;";0
"Планирование и отслеживание бюджета на ПО и оборудование в масштабе группы компаний;";0
"Планирование и построение сетей передачи данных;";1
"Планирование и организация механизмов взаимодействия территориально разделенных сетей (филиалов, подразделений, ДЗО, участков);";1
"Планирование, подбор, закупка и настройка парка серверного и сетевого оборудования центрального офиса и других филиалов при необходимости;";0
"Разработка и актуализация концепции информационной «экосистемы» группы компаний;";0
"Управление жизненным циклом информационных систем (учетной, информационно-справочных, СЭД и т.д.);";0
"Контроль за спецификациями приобретаемого ПО и оборудования на предмет соответствия предполагаемой задаче;";0
"Контроль систем резервного копирования данных;";0
"Контроль и, при необходимости, актуализация тарифных планов и технологий посредством которых оказываются услуги связи;";0
Взаимодействие с сотрудниками компании – пользователями информационных систем и оборудования (работа с требованиями, пожеланиями, предложениями, возражениями).;0
"Выполнение и контроль коммерческих показателей клуба;";0
"Достижение плановых финансовых показателей;";0
"Составление и исполнение бюджета клуба, контроль расходов и доходов;";0
"Оперативное управление административно-хозяйственной деятельностью клуба;";0
"Управление подразделениями клуба (фитнес департамент, отдел продаж, отдел маркетинга, АХО и служба сервиса), контроль за показателями, выставление задач согласно стратегии развития;";0
"Контроль и постановка задач подразделениям для поддержания и развития в премиальном сегменте рынка;";0
"Ведение договорной работы, связанной с деятельностью клуба;";0
Представление интересов Компании в государственных органах.;0
"Обработка входящих заявок (без холодных звонков);";0
"Работа с клиентами (телефонные переговоры, встречи, переписки);";1
"Работа в CRM – системе;";0
"Работа в программе PRO100;";0
"Ведение заказов до установки мебели;";1
" Взаимодействие с органами власти по вопросам предоставления государственных и муниципальных услуг; ";0
" Консультирование специалистов филиалов МФЦ по вопросам оказания услуг; ";1
" Проверка и оценка принятых комплектов документов по услугам; ";1
 Работа в программных комплексах процесса предоставления государственных и муниципальных услуг. ;0
"Встреча посетителей и гостей бизнес-центра;";0
"Регистрация посетителей, оформление и выдача пропусков посетителям бизнес-центра;";0
"Обработка и распределение входящей корреспонденции;";1
Прием заявок от арендаторов для управляющей компании и службы эксплуатации.;1
"Поддержание рабочего места/документации в чистоте/аккуратности;";0
Консультирование арендаторов/посетителей по текущим вопросам, направление справочной информации.;1
Забирать детей из детского сада;0
Приготовление ужина детям;0
Прогулки с детьми;0
Сидеть с ними во время больничных;0
Поддержание чистоты в квартире;0
" Проверка проектов договоров и/или спецификаций, дополнительных соглашений на наличие всех существенных условий будущего договора; ";1
 Осуществлять проверку локальных сметных расчетов по договорам подряда со сторонними организациями в части правильности отражения объемов. ;1
"Планирование и обеспечение реализации проектов на всех стадиях (проектирование, строительство, ввод в эксплуатацию);";0
"Контроль качества, сроков и объёмов, в том числе субподрядных организаций на объекте;";1
Совместно с заказчиком и руководителями проектов, проработка решений по оптимизации сроков, качества и себестоимости строительства.;1
"Организация и контроль своевременности предоставления проектной, рабочей и исполнительной документации;";1
проведение работ по техническому обслуживанию и ремонту грузовых автомобилей и спецтехники;0
подготовка автомобилей к дальнейшей эксплуатации;0
полная занятость полный день;0
место нахождения тюменская обл тюменский рн с успенка ул садовая д;0
проведение технического обслуживания и ремонта грузового автотранспорта;0
выполнение сварочных работ;0
диагностика и ремонт;0
ремонт кпп ваз мосты и редуктора газ ваз уаз;0
проведение технического обслуживания и ремонта грузового автотранспорта;0
выполнение сварочных работ;0
проведение диагностики и профилактического осмотра автотранспортных средств;0
выполнение работ по разборке ремонту и сборке основных узлов и механизмов автотранспортных средств;0
выполнение регламентных и слесарных работ;0
проведение то транспортных средств;0
замена технических жидкостей в узлах и агрегатах транспортных средств ;0
замена фильтрующих элементов;0
мелкосрочный ремонт ходовой части транспортных средств ;0
мелкосрочный ремонт тормозной системы ;0
замена приводных ремней и роликов агрегата;0
ремонт генераторов;0
ремонт и обслуживание электрической части автотранспортных средств;0
ремонт и сборка дизельных специальных грузовых автомобилей;0
разборка ремонт сборка сложных агрегатов узлов и приборов и замена их при техническом обслуживании;0
обкатка автомобилей и автобусов всех типов на стенде;0
выявление и устранение дефектов неисправностей в процессе регулировки и испытания агрегатов узлов и приборов и тд;0
техническое обслуживание диагностика электрооборудования ремонт дорожностроительной техники на территории заказчика;0
подготовка к проведению гарантийных и послегарантийных ремонтов техники;0
запуск техники в эксплуатацию предпродажная подготовка;0
консультирование клиентов по всем техническим вопросам;1
подготовка технической документации;1
сборка шпатлевание восстановление геометрии кузова;0
диагностика неисправностей автомобилей прибывших на то и тр;0
установка дополнительного оборудования на тс;0
диагностика электрооборудования легковых атомобилей;0
организация деятельности на участке в области повышения эффективности ремонта и обслуживания средств малой механизации и минимизации затрат;0
улучшение ремонта и обслуживания средств малой механизации обеспечение роста производительности труда выполнение техникоэксплуатационных показателей;0
организация и осуществления обслуживания текущего и капитального ремонта замена расходных материалов узлов и агрегатов средств малой механизации;0
организация ремонта узлов и агрегатов вышедших из строя для создания оборотного фонда узлов и агрегатов;0
техническое обслуживание и ремонт грузовых автомобилей и прицепной техники;0
полный цикл работ по кузовному ремонту автомобилей ;0
выполнение работ высокого качества и в кратчайшие сроки при соблюдении технологического процесса;0
восстановление геометрии автомобиля;0
производить работы согласно инструкциям в общих словах выставить автомобиль на подьемник снять подкрылки защиты днища отмыть мойкой высокого давления продуть просушить отпескоструить коррозию нанести пистолетом цинк нанести пистолетом антикор поставить снятые элементы помыть автомобиль с наружи;0
качественное выполнение ремонта и то легковых автомобилей;0
выявление причин и устранение неисправностей;0
разборка автомобилей перед окрасочными работами сборка после окраски;0
выполнение подготовительных работ к покраске автомобиля ;0
выполнение работ по ремонту и обслуживанию грузовых автомобилей и спецтехники;0
содержание рабочего места вверенного оборудования и территории в образцовом порядке;0
установка навигационного оборудования глонасс gps на транспорт автограф техноком дут tkls прочее оборудование для сельскохозяйственной техники;0
монтаж систем точного земледелия для сельхозтехники ;0
разборка сборка автомобилей арматурные работы;0
слесарные работы то ремонт автомобилей;0
ремонт сборка разборка контроль проведение испытаний сложных деталей и узлов электромашин электроаппаратов и электроприборов в условиях всех типов посадок;0
замена ламп установка ксенонового оборудования;0
замена и установка линз в фары;0
арматурные работы по снятию бамперовфар;0
выполнение поручений специалиста;0
техническое обслуживание и диагностика грузового и легкового транспорта;0
автосервис приглашает на работу шиномонтажника на сезон;0
шиномонтажные работы ;0
ремонт ходовой части грузовых автомобилей;0
соблюдение чистоты на рабочем месте;0
замена ступицы;0
замена шрусов;0
замена стоек стабилизатора;0
замена рулевых тяг;0
регулировка и прокачка тормозной системы;0
замена наконечников рулевых;0
разборка и сборка рабочего тормозного цилиндра замена манжеты и тд;0
замена расходников по двигателю;0
техническое обслуживание;0
замена масла в двигателе;0
замена масла в кпп;0
замена масла в заднем мосту;0
замена топливного фильтра;0
замена воздушного фильтра;0
замена масляного фильтра вставки;0
замена охлаждающей жидкости;0
замена тормозной жидкости;0
ремонт и техническое обслуживание легковых автомобилей японского корейского прва;0
приветствуется опыт на сходразвале;0
выполнение работ по ремонту грузовой и дст;0
выполнение ремонта агрегатов;0
ремонт техническое обслуживание лесозаготовительной и дорожностроительной техники;0
диагностика техники в полевых условиях ;0
ведение сопутствующей технической документации;1
качественное выполнение ремонта и то легковых автомобилей;0
выявление причин и устранение неисправностей;0
разборка сборка автомобилей арматурные работы;0
слесарные работы то ремонт автомобилей;0
контроль регулирование ремонт испытание на стендах топливной аппаратуры;0
дефектовка узлов агрегатов и механических систем;0
регулировка и ремонт узлов агрегатов и механических систем;0
демонтажмонтаж узлов агрегатов и механических систем;0
тестирование узлов агрегатов и механических систем;0
восстановление и замена узлов агрегатов и механических систем;0
проверка неисправности узлов агрегатов и механических систем;0
установка и подключение дополнительных механических систем;0
диагностика и ремонт электрооборудования и электропроводки на спецтехнике ;0
контроль за правильной эксплуатацией автотранспорта осуществление технического надзора за состоянием автомобилей на линии;0
осуществление ежедневного технического осмотра автомобилей выходящих на линию и возвращающихся в гараж;0
производит замену перестановку автотранспорта стоящего в плане но не готового к выходу на линию не допуская срывов по выходу автотранспорта согласно плана;0
контроль расхода топлива;0
осуществление проверки при выезде на линию у водительского состава документов на право управления данным автомобилем и документов на автомобиль;0
диагностика и ремонт электрических систем грузовых автомобилей автобусов и спецтехники;0
проведение слесарных работ снятие и установка для последующего ремонта электропроводки;0
разборка грузовых автомобилей кроме специальных и дизелей;0
ремонт сборка простых соединений и узлов автомобилей;0
снятие и установка несложной осветительной арматуры;0
разделка сращивание изоляция и пайка проводов;0
выполнение крепежных работ при первом и втором техническом обслуживании устранение выявленных мелких неисправностей;0
слесарная обработка деталей по квалитетам с применением приспособлений слесарного и контрольноизмерительных инструментов;0
проведение диагностики и дефектовки топливной аппаратуры;0
проведение ремонта топливной аппаратуры;0
разборка сборка автомобилей арматурные работы;0
слесарные работы то ремонт автомобилей;0
контроль регулирование ремонт испытание на стендах топливной аппаратуры;0
ремонтировать и обслуживать грузовые автомобили на отлично создавая хорошую репутацию среди наших клиентов;0
проводить диагностику и искать неисправности;0
перегонять тс ;0
проведение работ по техническому обслуживанию и ремонту тс проведение диагностики и профилактического осмотра автотранспортных средств выполнение работ по разборке ремонту и сборке узлов механизмов автотранспортных средств выполнение работ по установке регулированию и замене запасных частей;0
обеспечивать безаварийную и бесперебойную работу тс и пс компании;0
осуществлять контроль за правильной эксплуатацией автотранспорта и подъмных сооружений;0
техническим состоянием автомобилей и пс ;0
техническое обслуживание и ремонт тс и пс;0
диагностика неисправностей подбор и заказ запасных частей;0
предполагается выездной сервис а также выполнение ремонтных слесарных работ на ремонтной базе ;0
зарабатывать качественно и оперативно осуществлять замену технических жидкостей и расходных материалов диагностировать состояние технических жидкостей обслуживать автомобиль клиента согласно регламентам проведения работ и правил тб повышать свой профессиональный уровень ;0
диагностика и ремонт электрических систем грузовых автомобилей автобусов и спецтехники;0
проведение слесарных работ снятие и установка для последующего ремонта электропроводки;0
снятиеустановка колс автомобиля;0
шиномонтаж балансировка ремонт автошин;0
механический ремонт автомобилей камаз маз урал паз лиаз кавз газ хино хундай исузу фусо;0
ремонт грузовых прицепов и трейлеров;0
поиск клиентов;1
продажа сервисных услуг и запасных частей;0
ремонт и техническое обслуживание дорожностроительной техники ;0
соблюдение мер безопасности и охраны труда при выполнении работ;0
техническое обслуживание автомобилей ;0
ремонт всех видов легковых автомобилей ;0
диагностика и поиск неисправностей;0
ремонтировать и обслуживать грузовые автомобили на отлично создавая хорошую репутацию среди наших клиентов;0
проводить диагностику и искать неисправности;0
перегонять тс ;0
диагностика и ремонт электрических систем грузовых автомобилей автобусов и спецтехники;0
проведение слесарных работ снятие и установка для последующего ремонта электропроводки;0
ремонтировать и обслуживать грузовые автомобили на отлично создавая хорошую репутацию среди наших клиентов;0
ремонт и обслуживание гидротрансформаторов акпп;0
работа с фрезером и токарным станком;0
ремонт сборка стендовые испытания и регулировка сложных агрегатов и узлов дорожностроительных машин и тракторов;0
выявление и устранение дефектов в процессе ремонта сборки и испытания агрегатов узлов машин и тракторов;0
слесарная обработка узлов и деталей по квалитетам с применением универсальных приспособлений и специального инструмента;0
общая сборка сложных дорожностроительных машин тракторов на гусеничном ходу агрегатов электрооборудования и приборов;0
выполнение сложных монтажных работ с применением подъемнотранспортных механизмов и специальных приспособлений;0
ремонт и дефектовка узлов и агрегатов трансмиссий ;0
ремонт и обслуживание автомобилей газ;0
техническое обслуживание и ремонт автомобилей проведение плановых то диагностика и ремонт ходовой и агрегатов;0
ремонтировать и обслуживать грузовые автомобили;0
ремонт автомобилей любых моделей и марок;0
техническое обслуживание автомобилей;0
поддержания порядка на рабочем месте;0
быстрое и качественное выполнение монтажа навигационного топливного оборудования а также тахографов;0
вовремя и в полном объеме предоставлять отчеты о проделанной работе ;1
выполнение ключевых показателей по kpi;0
проведение диагностики и дефектовки топливной аппаратуры;0
проведение ремонта топливной аппаратуры;0
ремонт и сборка грузовых автомобилей автобусов импортных легковых автомобилей микроавтобусов;0
разборка ремонт сборка сложных агрегатов узлов и приборов и замена их при техническом обслуживании;0
обслуживание и ремонт автомобилей;0
техническое обслуживание;0
диагностика;0
текущий и капитальный ремонт автомобилей;0
ремонт сельскохозяйственной дорожной и специальной техники отечественного и импортного производства тракторов;0
ремонт двс отечественного производства змз умз уаз амз зил и др;0
ремонт двс импортного производства deutz perkins cummins и др;0
производит диагностику и ремонт топливной дизельной аппаратуры отечественного и импортного производства азпи нзта язда bosch delphi denso;0
диагностика и ремонт ходовой части;0
поиск и устранение неисправностей;0
проведение технического обслуживания;0
ремонт грузовых авто слесарные работы снятие установка агрегатов;0
проведение то замена масел фильтров и тд;0
ремонт и сервисное обслуживание мототехники;0
выполнение работ по ремонту оборудования;0
проведение дефектовки и ремонта двс ;0
проводить диагностику и профилактический осмотр автотранспортных средств выбраковывать детали после разборки и мойки производить при необходимости слесарную обработку деталей статическую балансировку деталей и узлов выполнять работы по разборке ремонту и сборке узлов и механизмов автотранспортных средств в соответствии с ту заводаизготовителя и другими руководящими материалами по организации работвыполнять работы по установке регулированию и замене запасных частей агрегатов и оборудования согласно оформленного заказнаряда устранять выявленные в ходе диагностики дефекты и неисправности по согласованию с механиком участка;0
ремонт и обслуживание грузовых автомобилей;0
знание принципов и устройство работы автотранспортных средств всевозможных марок и моделей автомобилей уаз газ камаз маз урал зил;0
ремонт и обслуживание транспортных средств ;0
ремонт и обслуживание оборудования ;0
регулярный технический осмотр техники и поддержание ее в исправном состоянии;0
организация своевременного и качественного ремонта то обслуживания грузовых автомобилей и спецтехники прицепов смм;0
организация и контроль текущей деятельности подчиненного персонала рмм;0
составление заявок на запасные части работа с автокаталогамисписание запасных частей;1
контроль за соблюдением работниками правил и норм охраны труда и техники безопасности производственной и трудовой дисциплины;0
разборка сборка автомобилей арматурные работы;0
слесарные работы то ремонт автомобилей;0
ремонт сложных узлов и агрегатов автомобилей все видов и дст;0
диагностика ремонт общестроительной и дорожностроительной техники марок камаз урал уаз к дз sdlg сат bolder hitachi;0
слесарный ремонт пс;0
ремонт и обслуживание гидрооборудования пс;0
капитальный и восстановительный ремонт;0
обслуживание всех типов пс ;0
выполнение работ по ремонту грузовой и дст;0
выполнение ремонта агрегатов;0
своевременная подготовка пс к техническому освидетельствованию а также подготовка к обследованию кранов отработавших нормативный срок службы;0
систематическое проведение инструктажей слесарей электромонтеров наладчиков приборов безопасности по безопасному обслуживанию и ремонту кранов;0
разбор допущенных нарушений случаи травматизма и аварий;0
оформление разрешительных документов для эксплуатации организация мероприятий по обеспечению промышленной безопасности при вводе в эксплуатацию опасного производственного объекта;1
работа с органами ростехнадзорагостехнадзора;0
знание руководств по эксплуатации пс;0
выполнение дополнительных распоряжений руководства;0
ремонт и обслуживание легковой и специальной техники;0
поддержание чистоты на рабочем месте;0
ремонтировать и обслуживать грузовые автомобили на отлично создавая хорошую репутацию среди наших клиентов;0
перегонять тс ;0
определение и устранение неисправностей в работе узлов агрегатов и приборов при техническом осмотре и обслуживании автомобилей;0
осуществление ежедневного периодического текущего и необходимого технического обслуживания подвижного состава;0
проведение разборки ремонта сборки автомобилей;0
ремонт и техническое обслуживание легковых автомобилей двс кпп ходовой части;0
техническое обслуживание и ремонт автомобилей;0
диагностика и ремонт ходовой части авто двигателя кппакпп;0
сходразвал;0
снятие и установка узлов и агрегатов с автомобиля;0
работа с технической документацией;1
знание общего устройства автомобилей;0
технические знания по ремонту сборке регулировке агрегатов и узлов;0
опыт работы автослесарем будет преимуществом;0
готовность обучаться;0
диагностика блоков управления автомобиля;0
поиск неисправности эл проводки;0
программирование эл блоков;0
считывание кодов неисправностей;0
ремонт обслуживание узлов и агрегатов;0
текущий ремонт и обслуживание автомобилей;0
диагностика ;0
определение неисправности;0
ремонт тс;0
шиномонтаж;0
развалсхождение;0
поддержание чистоты на рабочем месте;0
ремонт полная сборка регулировка и испытание двигателей внутреннего сгорания сat volvo shantui sd liebherr ammann ars d hamm lonking cdm ямз камаз iveco амт;0
регулировка и испытание на стендах и шасси сложных агрегатов узлов и приборов автомобилей и замена их при техническом обслуживании проверка деталей и узлов электрооборудования на проверочной аппаратуре и проверочных приспособлениях установка приборов и агрегатов электрооборудования по схеме включая их в сеть выявление и устранение сложных дефектов и неисправностей в процессе ремонта сборки и испытания агрегатов узлов автомобилей и приборов электрооборудования сложная слесарная обработка доводка деталей по квалитетам статическая и динамическая балансировка деталей и узлов сложной конфигурации диагностирование и регулировка систем и агрегатов грузовых и легковых автомобилей и автобусов обеспечивающих безопасность движения;0
ремонт сборка и испытание агрегатов средней сложности в соответствии с технологией выполнения работ и техническими условиями ;0
выполнение при ремонте слесарных операций по ремонту дст сat volvo shantui sd liebherr ammann ars d hamm lonking cdm ямз камаз iveco ам;0
устранение выявленных дефектов при сборке проверке и испытании ремонтируемых агрегатов;0
выполнение операций по доводке и подгонке деталей по месту с обеспечением требуемой точности;0
ремонт и техническое обслуживание спец техники komatsu hangcha амкодор sdlg lg liugong;0
обучение под руководством механика;0
проводить диагностику и профилактический осмотр автотранспортных средств и специальной техники выявляя дефекты;0
выбраковывать детали после разборки и мойки производить при необходимости слесарную обработку деталей выполнять работы по разборке ремонту и сборке узлов и механизмов автотранспортных средств и специальной техники в соответствии с ту заводаизготовителя и другими руководящими материалами по организации работ;0
выполнять работы по установке регулированию и замене запасных частей агрегатов и оборудования;0
устранять выявленные в ходе диагностики дефекты и неисправности;0
обеспечивать качество ведения работ вносить необходимые коррективы в способы и методы наладки;0
шиномонтажные работы;0
ремонт автомобилей преимущественно корейского производства;0
встреча гостей;0
прием телефонных звонков;1
поддержание атмосферы салона;0
встреча пациентов консультирование пациентов по услугам клиники;1
прием входящих звонков и запись пациентов;1
заполнение первичной медицинской документации;1
работа в crm программе;0
заполнение документов для налогового вычета;1
работа с кассовым аппаратом;0
встреча пациентов;0
заполнение медицинских карт;1
работа с кассой;0
работа с программами;0
работа с больничными листами;1
выдача посылок прием посылок оформление и отправка возвратов;0
вежливая работа с покупателями;0
обработка входящей и исходящей корреспонденции ее учет и направление в соответствующие отделы;1
организация процесса приема посетителей;1
прим и распределение входящих звонков;1
ведение документооборота;1
встреча регистрация пациентов в электронной базе данных;0
прием и обработка входящихисходящих звонков;1
консультирование пациентов по медицинским услугам по телефону и при личном обращении;1
запись на прием к врачу в электронном виде с использованием информационной системы медиалог;1
своевременное внесение всей необходимой информации о посещении врача пациентом в установленную электронную базу данных;1
выписка направлений на анализы рассылка результатов анализов;1
прием заявок;1
предоставление клиентам справочной информации касающихся услугцен;1
работа с документамиведение отчетности;1
прием входящихисходящих звонков;1
встреча клиентов центра;0
предоставление клиентам информации о теннисном центре ведение графиков посещения;1
прием платежей регистрация посещения клиентов;1
прием телефонных звонков;1
выдача инвентаря ;0
Обработка поступающих заявок в соц.сетях;1
консультация клиентов по готовым шаблонам и заполнение документов по образцу;1
составление отчётов.;1
Осуществление приема и контроля первичных документов по учету ТМЦ (перемещение, списание, ввод в эксплуатацию, поступление).;1
Учет спецодежды, ГСМ.;0
Отражение в регистрах БУ операций по поступлению ТМЦ, перемещений ТМЦ, передаче подрядным организациям материалов.;0
Квалификация поступивших материалов в соответствии с федеральными стандартами бухгалтерского учета.;1
Осуществлять сверку взаиморасчетов с контрагентами, а также сверку с подрядными организациями по переданным ТМЦ в давал.;0
Контроль и проверка дебиторской и кредиторской задолженности.;1
Оформление, проверка и отражение инвентаризации активов и обязательств Общества.;1
Подготовка документации по сделанный шаблонам;1
Ведения графика работ для подготовки документации;1
Подписание документов с клиентами в офисе компании;0
Поддержания порядка в документации и офисе;0
заключение договоров на коммунальные услуги;0
заключение договоров;0
Встреча гостей;0
Бронирование;1
Прием телефонных звонков, сообщений в соц сетях;1
обеспечение хозяйственной деятельности 4 субъектов по городу;0
заключение договоров на обслуживание;0
контроль обслуживающего персонала;0
организация процесса закупки материалов;0
снабжение всем необходимым и материальная отчетность перед вышестоящим руководством;0
Знание синтаксиса языков JavaScript, TypeScript;0
Базовые знания принципов работы Web;0
Желание работать в команде и развиваться;0
"Оформление пакета перевозочных документов на перевозку грузов железнодорожным транспортом, грузоотправителем которых выступает ООО «НХТК»;";0
"Раскредитование документов на вагоны, прибывших в адрес ООО «НХТК»;";0
"Выгрузка паспортных данных на прибывшие и раскредитованные вагоны;";1
"Печать накладных для предварительного таможенного декларирования;";1
Передача диспетчеру по отгрузке документов на грузы, прибывшие в адрес компании.;0
"Осуществлять бронирование, расчет стоимости, продажу, переоформление и возврат перевозочных документов, продажу дополнительных услуг. Оформлять перевозочную документацию с использованием контрольно-кассовой техники;";1
Предоставлять пассажирам информацию относительно маршрута перелета, условий применения тарифа.;1
Осуществление переноса денежных средств;0
Возврат денежных средств;0
Сверка данных о принятых платежах;1
Урегулирование разногласий с платежными агентами по принятым от населения и перечисленным Обществом платежам;0
Формирование отчетности в части оборота денежных средств;1
Производство расчёта сумм перечисления денежных средств;1
Подготовкам и направление писем в адрес потребителей;1
Распределение платежей по банковским выпискам, проведение сверки с контрагентами;1
Знание основ БУ.;0
решение текущих организационных задач;0
встреча гостей;0
консультация и продажа по имеющимся услугам и программам;1
регистрация в нашей бонусной системе;1
контроль за обеспечением чистоты и порядка в салоне и на прилегающей территории;0
создание комфортных условий при посещении салона для гостей;0
контроль за соблюдением и выполнением должностных инструкций сотрудниками;0
отчетность;1
опыт работы в ресторанном бизнесе от года;0
знание кассовой системы iikorkeeper;0
английский язык как преимущество;0
знание базовых стандартов ресторанного сервиса;0
пунктуальность;0
заключение договоров с курсантами;1
консультирование по услугам автошколы;1
ведение документооборота по классу;1
ежедневная обязательная работа с программой bitrix;0
обзвон поступаемых заявок;1
организация внутренних процессов на филиале;0
выполнение поставленных задач руководства;0
ведение финансовой и хозяйственной деятельности класса;0
консультирование пациентов об услугах клиники лично и по телефону;1
формирование записи на приемы к специалистам;1
оформление медицинской документации;1
работа с кассой прием платежей формирование отчетности;1
выдача посылок прием посылок оформление и отправка возвратов;0
вежливая работа с покупателями;0
ведение медицинской документации ;1
работа с пациентами по телефону работа с программой ident;0
поддержание порядка в зоне ресепшн работа и взаимодействие с врачами;0
работа с кассой;0
работа с задачами по обзвону;1
общаться с клиентами в соответствии со стандартами обслуживания;0
консультировать клиентов об услугах и стоимости;1
вести клиентскую базу;1
принимать входящие заявки ;1
оформлять договора справки;1
проводить денежные расчеты ;1
контроль вахтового городка;0
обеспечение рациональной эксплуатации содержания в исправном состоянии и сохранности имущества вахтового поселка;0
выдача и учет тмц;0
вести журнал посещения;1
строго соблюдать кассовую дисциплину в том числе вести книгу учетарасхода принятых денежных средств;1
встреча и прием гостей студии;0
консультирование гостей по предлагаемым услугам салона;1
предварительная запись гостей своевременное информирование клиентов о записи;1
приготовление чайкофе;0
координация внутренних процессов студии;0
знание и выполнение кассовых операций расчет клиентов;1
соблюдение и контроль порядка в салоне;0
ведение сториз в инстаграм;0
работа в программе yclients;0
встреча клиента;0
ответ на входящие вызовы сообщения запросы;0
работа с базой ;1
работа с соц сетями компании работа с контентом;0
умение работать в режиме многозадачности;0
работа в коллективе;0
приветствуется навык видео съемки умение работать с соц сетями;0
условия график обсуждаем предпочтителен либо ;0
возможна часть работы удаленно;0
встречать и консультировать клиентов студии;1
прием звонков от клиентов запись по телефону и по переписке;1
ведение отчета по клиентам подтверждение записи к мастеру;1
работа с кассой;0
работа с клиентами презентация услуг экскурсии по клубу проведение оплат прием входящих звонков запись на занятия;1
ведение отчетности в клиентской программе;1
помощь руководителю в организации мероприятий центра дни открытых дверей праздники тематические встречи и тд;0
встреча клиентов;0
заключение договоров с клиентами;0
ответы на звонкивопросы;1
разрешение конфликтных ситуаций;0
более подробно при собеседовании;0
первым встречать всех посетителей автосалона обеспечивая им максимально комфортные условия закреплять менеджеров по продажам за клиентами;0
постоянно находиться на своем рабочем месте и первым встречать всех посетителей автосалона;0
общаться с клиентами в доброжелательном но профессиональном и деловом стиле;0
выяснять цель появления и немедленно закрепляет за каждым посетителем менеджера по продажам или другого сотрудника автосалона для решения всех возникших вопросов;0
консультировать клиентов в отсутствие свободных менеджеров по продажам и занимать их живым общением до момента прихода освободившегося менеджера по продажам;0
после назначения менеджера по продажам для работы с клиентами сразу сделать пометку на листе опроса в виде фамилии менеджера по продажам и марки интересующего автомобиля;0
запись клиентов формирование расписания мастерам студии;1
ответы в мессенджерах;1
продажа услуг студии;0
документооборот;1
заказ расходных материалов и др;0
встреча гостей рассадка их в залах;0
оформление брони;1
контроль чистоты залов;0
консультирование гостей;1
прием телефонных звонков;1
организация развозки работников гастробара;0
оформляет медицинскую карту пациента получающего медицинскую помощь в амбулаторных условиях на пациентов впервые обратившихся в поликлинику;1
формирует журналы учета приема и выдачи медицинской документации на отчетный период;1
осуществляет прим документов из стационарных подразделений и распределение по участкам;1
ведет контроль заполнения журналов по плановой госпитализации выписанных из стационара пациентов выдачи амбулаторных карт в другие отделения вызова врача на дом и других;1
осуществляет прием денежных средств от посетителей и пациентов для оплаты медицинских услуг;0
проводит расчетнокассовые операции с помощью кассового аппарата и платежного терминала ;0
ежемесячно формирует отчет об оказании платных услуг и сдает его в экономический отдел;1
ежедневно заполняет журналы регистрации оказанных медицинских услуг требования;1
наличие сертификата о прививках ;0
наличие медицинской книжки;0
наличие справки о наличии отсутствии судимости;0
проводить экскурсии по школе потенциальным клиентам принимать звонкиклиентов вести переписку в whatsapp instagram и вконтакте;0
quotвкусноquot рассказывать о наших занятиях программах педагогах;0
помогать в выборе занятий для детей знакомить с правилами школы расписанием ценами записывать на первое занятие и продавать абонементы;0
вести учет клиентов заявок и оплат в специальной программе работать с кассой;1
обеспечивать рабочее состояние школы поддерживать общий порядок и чистоту в школе в течение рабочего дня контролировать уборку помещения контролировать готовность кабинетов к занятиям;0
готовить отчетность для руководителя;1
участвовать в проведении рекламномаркетинговых мероприятий;0
прием регистрация размещение и выписка гостей;1
прием и оформление необходимых документов;1
прием и обработка заявок на предварительное бронирование номеров по телефону почте и тд;1
обеспечение работы по эффективному и культурному обслуживанию гостей созданию для них комфортных условий;0
соблюдение стандартов работы в гостиничной сфере;0
информирование проживающих в гостинице о предоставляемых дополнительных услугах прием заказов на их выполнение и контролирование их исполнения;1
оперативное и корректное реагирование на информацию от гостя;0
расстановка контроль и табелирование линейного персонала на местах;0
качественное оказание услуг по уборке;0
обучение персонала на месте;0
выдача моющих средств и инвентаря;0
взаимодействие с представителями заказчика по вопросам предоставляемых услуг;0
участие в подборе линейного персонала;0
прием входящих звонков;1
ответы в мессенджерах wa telegram вк;1
запись клиентов формирование плотной записи;1
обратная связь работа с отзывами;1
прием поставок косметики;0
интернет магазин создание накладных сборка и отправка товара;0
осуществление деятельности по информационному сопровождению обслуживания вылетающих и прилетающих пассажиров провожающих и встречающих клиентов пользующихся услугами аэровокзального комплекса;0
организация встречи и сопровождения для маломобильных групп населения ;0
оказание ситуационной помощи;0
консультирование и ведение записи приемов и консультаций работа в crm;1
административнохозяйственная деятельность;0
организация и контроль бесперебойной работы оборудования;0
касса;0
документооборот;1
выполнять поручения директора ;0
проводить собеседования размещать объявления;0
ведение отчтности в программе работа с кассовым аппаратом и с заявками хоз части организация чистоты и порядка в салоне а также сохранение материальных ценностей;0
прием телефонных звонков ведение записи посетителей на процедуры в crm системе подтверждение запланированных визитов оформление и выставление актуальных горящих окон и ответы на сообщения в социальных сетях;1
консультирование гостей по услугам акциям продажа сертификатов абонементов и косметики;1
контроль и координация работы мастеров из таиланда и бали грамотное составление графиков;1
оперативное и корректное реагирование на информацию от гостей относительно предоставляемых услуг урегулирование конфликтных ситуаций;0
встреча гостей и членов клуба регистрация в клубной программе;0
прием и распределение входящих телефонных звонков;1
консультирование членов клуба о дополнительных услугах;1
бронирование услуг для клиентов клуба;1
взаимодействие с подразделениями клуба;0
ведение документации и отчетности;1
решение конфликтных ситуаций;0
прием входящих звонков и осуществление исходящих вызовов консультирование потребителей предоставление развернутых ответов потребителям в соответствии с действующим законодательством по вопросам;1
заключения договоров на услугу по обращению с тко расторжение договоров;0
начислений осуществления перерасчетов подготовки и направления квитанций;0
исполнения договоров по обращению с тко;0
подготовка письменных ответов по обращениям потребителей;1
ведение установленной отчетности по обращениям потребителей;1
лицо школы точка входа для родителей;0
координатор работы всей команды тренерского состава управляющего учеников и их родителей;0
организатор мероприятий инициатор и душа всей движухи;0
менеджер сообщества коммуникатор с родителями на дружеской волне;0
продавец абонементов и кассир;0
тот кто умеет подбодрить расположить установить доверие;0
тот кто умеет услышать родителей и донести информацию до руководства;0
улаживатель нюансов сглаживатель любых острых углов;0
тот кто делает хорошо для всех создатель атмосферы;0
тот кто любит точность вносит информацию в отчеты аккуратен в цифрах;0
работа с клиентами сервис для клиентов продажа косметических средств;0
знание всех услуг и косметических средств салона умение грамотно консультировать клиентов;0
работа в программе онлайн записи yclients;0
следить за чистотой в салоне и наличием всего необходимого ;0
взаимодействовать с мастерами салона и другим персоналом;0
запись пациентов на прием;1
работа с картотекой;1
информирование об услугах компании;1
ведение кассовых операций;0
координация работы клиники;1
составление расписания специалистов;1
консультирование клиентов по комплексу услуг компании при встрече в офисе и по телефону;1
оформление документов и контроль документооборота в сфере своей компетенции;1
отслеживание платежей;1
формирование учебных групп;1
ведение клиентской базы;1
активные продажи нацеленные на результат;0
курирование имеющихся групп и студентов;0
создание контента для социальных сетей;0
поддержание чистоты и порядка в школе;0
встреча прим и оформление клиентов;0
презентация услуг компании и помощь в выборе;0
информирование клиентов о сроках исполнения анализов и их стоимости;1
взаимодействие с медицинским персоналом ;0
обслуживание клиентов фитнесклуба quotкубикиquot;0
ответы на входящие телефонные звонки;1
предоставление клиенту материалов информационнорекламного характера;1
информационно справочное сопровождение пациентов в регистратуре;1
встреча гостей оформление договоров;1
работа с кассовым аппаратом и терминалом для пластиковых карт;0
консультирование гостей об услугах компании;1
прием и распределение входящих звонков и документации;1
составление итоговых отчетов за смену;1
работа в регистратуре запись пациентов на прием к врачу оформление договоров амбулаторных карт;1
ведение документации в электронном и бумажном виде;1
консультирование посетителей по услугам центра подбору очков выполнение стандартов работы по обслуживанию посетителей;1
закуп товара ведение отчетности;0
встреча и сопровождение входящего потока гостей партнеров кандидатов на работу в компанию;0
составление заявок на канцелярию для работников оформление заявок на воду;1
принятие передача входящей и исходящей документации;1
работа с архивом документов ;1
организационные вопросы ;0
контроль чистоты и порядка;0
участие в разработке календарного плана мероприятий в экодомах;0
администрирование работы экодома;0
консультирование посетителей в тч по приему вторичного сырья и действующей программе лояльности для участников проекта;1
прием вторичного сырья;0
прием заявок на посещение экодома и ведение графика посещений;1
оформление зала соблюдение и поддержание порядка в тч влажная уборка помещения;0
подготовка отчетов для руководителя;1
входящие звонки;1
встреча гостей;0
ведение кассовой отчтности;0
содержание помещения в надлежащем порядке;0
открытие закрытие барбершопа;0
отвечать на звонки прозванивать запись на сегодняшний и завтрашний день;1
контролировать работу ресепшена ;0
контролировать дисциплину и качества работ мастеров;0
вести запись в программе yclients продажа услуг;0
продажа косметики;0
контролировать работу всех сотрудников барбершопа;0
решать спорные вопросы возникающие в процессе работы между сотрудниками;0
контролировать чистоту барбершопа;0
заказывать косметику у поставщиков принимать поставки и контролировать чистоту склада;0
осуществлять расчет персонала и гостей;0
сводить кассовую отчетность за смену в случае несостыковки осуществлять коррекцию приходарасхода;1
составлять отчеты за прошедшую неделю;1
вести внутреннюю документацию;1
нести ответственность за решение конфликтных ситуаций в студии как с клиентами так и с сотрудниками;0
консультирование внутренних сотрудников по текущим вопросам;1
распределение звонков по специалистам;1
взаимодействие с клиентами по пакету документов;1
выполнение поручений руководства отдела;0
встреча и сопровождение пациентов создание комфортной атмосферы в клинике;0
консультирование клиентов и презентация услуг клиники;1
работа с входящими и исходящими телефонными звонками;1
запись на прием оформление первичной медицинской документации;1
работа с платежами и кассой;0
прим входящих звонков;1
напоминание пациентам о приме;1
работа с отчтностью;1
приготовление чаякофе для пациентов;0
встреча прием и оформление клиентов;0
презентация услуг компании и помощь в выборе;0
информирование клиентов о сроках исполнения анализов и их стоимости;1
выдача результатов анализов;0
взаимодействие с медицинским персоналом ;0
ведение рабочей документации;1
поддержание порядка и наличия материалов в центре;0
прием входящих звонков консультирование клиентов;1
работа в системе бронирования;1
подготовка отчетных документов для гостей;1
взаимодействие с менеджерами по заселению;0
работа на регистратуре прием звонков запись пациентов;1
работа с расписанием прием и встреча пациентов;0
работа с кассой;0
встреча пациентов создание комфортной атмосферы в клинике;0
запись на прием;1
работа с кассой;0
консультирование пациентов по услугам клиники;1
работа с первичной документацией;1
сотрудничество с коллцентром;0
прием звонков и консультирование пациентов диагностического центра по стоимости услуг условиям проведения исследования акциям предложениям итд;1
оформление первичных медицинских документов;1
продажа услуг центра;0
управление потоком пациентов запись пациентов на исследование формирование и контроль очередности оперативное внесение изменений в запись;1
ведение отчтности в рамках компетенции;1
работа с ккм;0
обеспечение сервиса обслуживания пациентов создание для них комфортных условий ;1
обеспечение надлежащего качества презентабельности санитарного режима в центре;0
контроль за соблюдением порядка и чистоты в центре;0
планирование потребностей клиник в материальных трудовых и прочих ресурсах;1
организация и контроль работы гипермаркета;1
работа с эффективностью магазина;1
управление товародвижением анализ результатов деятельности гипермаркета анализ конкурентного рынка ценообразования;1
проведение совещаний рабочих встреч с руководителями подразделений решение оперативных вопросов;0
участие в обучении и развитии управленческого персонала;0
взаимодействие с контролирующими инстанциями;0
обслуживание и консультация покупателей в торговом зале;0
поддержание стандартов работы магазина;0
работа в программе с контрольнокассовое обслуживание отчетность;1
контроль работы персонала;0
презентация товара и бренда;0
выполнение индивидуального плана продаж;0
организация работы магазина;0
контроль работы сотрудников;1
выполнение плана по товарообороту минимизация потерь;1
взаимодействие с проверяющими органами;0
ведение отчетности и анализ плановых показателей магазина;1
контроль заказов приемки списания и сроков годности товаров планирование запасов и ротация;0
инвентаризации;0
организация работы магазина;0
контроль работы сотрудников;1
выполнение плана по товарообороту минимизация потерь;1
взаимодействие с проверяющими органами;0
ведение отчетности и анализ плановых показателей магазина;1
контроль заказов приемки списания и сроков годности товаров планирование запасов и ротация;0
инвентаризации;0
организация эффективной работы работников смены;1
организация работы расчетнокассового узла кассовая отчетность;0
работа с товаром в торговом зале и на складе;0
обслуживание покупателей в торговом зале;0
работа с претензиями и возвратами от покупателей;0
организация работы магазина;0
контроль работы сотрудников;1
отслеживание ввода первичной документации в с а также проверка разноски банковских операций работа с налоговыми органами и фондами сверка формирование отчетности в по разным организациям ответы на требования;1
обеспечение контроля корректности оформления первичной документации;1
отражение операций в учете в части реализации товаров работ услуг полный документооборот и сверка расчетов;1
отражение операций в учете части поступления товаров работ услуг контроль поступления и движение документов расчетов с поставщиками и подрядчиками сверка взаиморасчетов;1
контроль дебиторской и кредиторской задолженности;1
отражение операций и контроль учета перемещения и списания гсм тмц;1
контроль и учет кассовых операций;1
выполнение отдельных поручений руководства;0
ведение бухучета нескольких юрлиц;0
прием и увольнение сотрудников переводы приказы;0
составление трудовых договоров договоров гпх;0
начисление заработной платы страховых взносов ндфл контроль всех счетов;0
составление и сдача отчетности;1
контроль дебиторской и кредиторской задолженности контроль лизинговых и кредитных платежей;0
выполнение заданий руководителя;0
расчет и начисление заработной платы в программе с зуп ;0
начисление суммы отпускных и листов нетрудоспособности;0
работа с табелем учета рабочего времени;1
работа с исполнительными документами;1
выполнение поручений по добавлению готового контента на сайт;0
выявление и устранение ошибок сайта;0
сайт на вордпрессе;0
организация работы по подготовке встреч и совещаний проводимых с участием главных редакторов ;0
по поручению главных редакторов составление писем запросов служебных записок справок авансовых отчетов и других документов;1
подготовка мониторингов оперативной и обязательной отчетности;1
транспортное обеспечение подразделения ;0
решение организационных вопросов при подготовке к съемкам;0
курирование договоров по направлению деятельности подразделения ;0
соблюдение параметров бюджета подразделения;0
установление и поддержка контакта с внешней средой ;0
взаимодействие со специалистами общества по вопросам в пределах своей компетенции;0
отбор для эфира подготовленных сюжетов;0
написание и редактирование текстов;0
редактирование и выпуск новостных программ в течении дня;0
уверенное знание редполитики агентства;0
написание информационных и коммерческих текстов в соответствии с тз и tov клиента для проектов компании;0
оперативное внесение правок в тексты от редактора;0
погружение в тему проекта изучение сайта заказчика задач и целей конкретного текста релевантных примеров;0
четкая ориентированность на результат для клиента понимание его основных целей;0
строгое соблюдение дедлайнов;0
осуществление руководства отделом отраслевых мероприятий;0
подготовка к проведению мероприятий ;0
расшифровка согласование текстов и видео съемки после интернетконференции выставление информации на сайт;0
информационное администрирование сайта тюменьмедиа;0
составление отчетности квартальный отчет по прессконференциям квартальный отчет по семинарам;1
внутренняя отделка помещений;0
штукатурно молярные работы;0
установка дверей;0
монтаж ламината;0
работа на высоте;0
окраска металлоконструкций и трубопроводов;0
вахта выплата заработной платы раза в месяц на карту любого банка зп ученика рмес маляр до рмес в зависимости от разряда и опыта предприятие предоставляет питание проживание спецодежду проезд прямой работодатель;0
нанесение знаков и надписей на вагонцистерны контейнерцистерны;0
проверка наличия табличек надписей на вагонцистернах и контейнерцистернах и при необходимости их обновление;0
покраска зданий оборудования сооружений;0
подготовка оборудования к работе выполнение работ ;0
выполнение работ по обеспыливаниюобезжириванию и окраскенанесению защитных покрытий на металлические поверхности;0
контроль за дебиторской и кредиторской задолженности;0
работа с банками подготовка заявок на финансирование обработка данных по запросу ;0
формирование отчетности для банка в рамках проектного финансирования ежемесячно ежеквартально;1
формирование реестра платежей в рамках проектного финансирования;0
формирование реестра выполненных работ в рамках проектного финансирования;0
работа с клиент банком ;0
